ACSSF,WA,040,00,0000001,,,,,53,,,,,,,,,,,,,,,,,,,,,,,,,,,,,,,,,,,,,,,04000US53,"Washington",,,
ACSSF,WA,040,01,0000002,,,,,53,,,,,,,,,,,,,,,,,,,,,,,,,,,,,,,,,U,,,,,,04001US53,"Washington -- Urban",,,
ACSSF,WA,040,43,0000003,,,,,53,,,,,,,,,,,,,,,,,,,,,,,,,,,,,,,,,R,,,,,,04043US53,"Washington -- Rural",,,
ACSSF,WA,040,A0,0000004,,,,,53,,,,,,,,,,,,,,,,,,,,,,,,,,,,,,,,,,,,,,,040A0US53,"Washington -- In metropolitan or micropolitan statistical area",,,
ACSSF,WA,040,C0,0000005,,,,,53,,,,,,,,,,,,,,,,,1,,,,,,,,,,,,,,,,,,,,,,040C0US53,"Washington -- In metropolitan statistical area",,,
ACSSF,WA,040,C1,0000006,,,,,53,,,,,,,,,,,,,,,,,1,,,,,,,,,,,,,,,,,Y,,,,,040C1US53,"Washington -- In metropolitan statistical area -- in principal city",,,
ACSSF,WA,040,C2,0000007,,,,,53,,,,,,,,,,,,,,,,,1,,,,,,,,,,,,,,,,,,,,,,040C2US53,"Washington -- In metropolitan statistical area -- not in principal city",,,
ACSSF,WA,040,E0,0000008,,,,,53,,,,,,,,,,,,,,,,,2,,,,,,,,,,,,,,,,,,,,,,040E0US53,"Washington -- In micropolitan statistical area",,,
ACSSF,WA,040,E1,0000009,,,,,53,,,,,,,,,,,,,,,,,2,,,,,,,,,,,,,,,,,Y,,,,,040E1US53,"Washington -- In micropolitan statistical area -- in principal city",,,
ACSSF,WA,040,E2,0000010,,,,,53,,,,,,,,,,,,,,,,,2,,,,,,,,,,,,,,,,,,,,,,040E2US53,"Washington -- In micropolitan statistical area -- not in principal city",,,
ACSSF,WA,040,G0,0000011,,,,,53,,,,,,,,,,,,,,,,,9,,,,,,,,,,,,,,,,,,,,,,040G0US53,"Washington -- Not in metropolitan or micropolitan statistical area",,,
ACSSF,WA,040,H0,0000012,,,,,53,,,,,,,,,,,,,,,,,,,,,,,,,,,,,,,,,,,,,,,040H0US53,"Washington -- Not in metropolitan statistical area",,,
ACSSF,WA,050,00,0000013,,,,,53,005,,,,,,,,,,,,,,,,,,,,,,,,,,,,,,,,,,,,,,05000US53005,"Benton County, Washington",,,
ACSSF,WA,050,00,0000014,,,,,53,007,,,,,,,,,,,,,,,,,,,,,,,,,,,,,,,,,,,,,,05000US53007,"Chelan County, Washington",,,
ACSSF,WA,050,00,0000015,,,,,53,009,,,,,,,,,,,,,,,,,,,,,,,,,,,,,,,,,,,,,,05000US53009,"Clallam County, Washington",,,
ACSSF,WA,050,00,0000016,,,,,53,011,,,,,,,,,,,,,,,,,,,,,,,,,,,,,,,,,,,,,,05000US53011,"Clark County, Washington",,,
ACSSF,WA,050,00,0000017,,,,,53,015,,,,,,,,,,,,,,,,,,,,,,,,,,,,,,,,,,,,,,05000US53015,"Cowlitz County, Washington",,,
ACSSF,WA,050,00,0000018,,,,,53,021,,,,,,,,,,,,,,,,,,,,,,,,,,,,,,,,,,,,,,05000US53021,"Franklin County, Washington",,,
ACSSF,WA,050,00,0000019,,,,,53,025,,,,,,,,,,,,,,,,,,,,,,,,,,,,,,,,,,,,,,05000US53025,"Grant County, Washington",,,
ACSSF,WA,050,00,0000020,,,,,53,027,,,,,,,,,,,,,,,,,,,,,,,,,,,,,,,,,,,,,,05000US53027,"Grays Harbor County, Washington",,,
ACSSF,WA,050,00,0000021,,,,,53,029,,,,,,,,,,,,,,,,,,,,,,,,,,,,,,,,,,,,,,05000US53029,"Island County, Washington",,,
ACSSF,WA,050,00,0000022,,,,,53,033,,,,,,,,,,,,,,,,,,,,,,,,,,,,,,,,,,,,,,05000US53033,"King County, Washington",,,
ACSSF,WA,050,00,0000023,,,,,53,035,,,,,,,,,,,,,,,,,,,,,,,,,,,,,,,,,,,,,,05000US53035,"Kitsap County, Washington",,,
ACSSF,WA,050,00,0000024,,,,,53,041,,,,,,,,,,,,,,,,,,,,,,,,,,,,,,,,,,,,,,05000US53041,"Lewis County, Washington",,,
ACSSF,WA,050,00,0000025,,,,,53,053,,,,,,,,,,,,,,,,,,,,,,,,,,,,,,,,,,,,,,05000US53053,"Pierce County, Washington",,,
ACSSF,WA,050,00,0000026,,,,,53,057,,,,,,,,,,,,,,,,,,,,,,,,,,,,,,,,,,,,,,05000US53057,"Skagit County, Washington",,,
ACSSF,WA,050,00,0000027,,,,,53,061,,,,,,,,,,,,,,,,,,,,,,,,,,,,,,,,,,,,,,05000US53061,"Snohomish County, Washington",,,
ACSSF,WA,050,00,0000028,,,,,53,063,,,,,,,,,,,,,,,,,,,,,,,,,,,,,,,,,,,,,,05000US53063,"Spokane County, Washington",,,
ACSSF,WA,050,00,0000029,,,,,53,067,,,,,,,,,,,,,,,,,,,,,,,,,,,,,,,,,,,,,,05000US53067,"Thurston County, Washington",,,
ACSSF,WA,050,00,0000030,,,,,53,073,,,,,,,,,,,,,,,,,,,,,,,,,,,,,,,,,,,,,,05000US53073,"Whatcom County, Washington",,,
ACSSF,WA,050,00,0000031,,,,,53,077,,,,,,,,,,,,,,,,,,,,,,,,,,,,,,,,,,,,,,05000US53077,"Yakima County, Washington",,,
ACSSF,WA,160,00,0000032,,,,,53,,,03180,,,,,,,,,,,,,,,,,,,,,,,,,,,,,,,,,,,,16000US5303180,"Auburn city, Washington",,,
ACSSF,WA,160,00,0000033,,,,,53,,,05210,,,,,,,,,,,,,,,,,,,,,,,,,,,,,,,,,,,,16000US5305210,"Bellevue city, Washington",,,
ACSSF,WA,160,00,0000034,,,,,53,,,05280,,,,,,,,,,,,,,,,,,,,,,,,,,,,,,,,,,,,16000US5305280,"Bellingham city, Washington",,,
ACSSF,WA,160,00,0000035,,,,,53,,,22640,,,,,,,,,,,,,,,,,,,,,,,,,,,,,,,,,,,,16000US5322640,"Everett city, Washington",,,
ACSSF,WA,160,00,0000036,,,,,53,,,23515,,,,,,,,,,,,,,,,,,,,,,,,,,,,,,,,,,,,16000US5323515,"Federal Way city, Washington",,,
ACSSF,WA,160,00,0000037,,,,,53,,,35275,,,,,,,,,,,,,,,,,,,,,,,,,,,,,,,,,,,,16000US5335275,"Kennewick city, Washington",,,
ACSSF,WA,160,00,0000038,,,,,53,,,35415,,,,,,,,,,,,,,,,,,,,,,,,,,,,,,,,,,,,16000US5335415,"Kent city, Washington",,,
ACSSF,WA,160,00,0000039,,,,,53,,,35940,,,,,,,,,,,,,,,,,,,,,,,,,,,,,,,,,,,,16000US5335940,"Kirkland city, Washington",,,
ACSSF,WA,160,00,0000040,,,,,53,,,43955,,,,,,,,,,,,,,,,,,,,,,,,,,,,,,,,,,,,16000US5343955,"Marysville city, Washington",,,
ACSSF,WA,160,00,0000041,,,,,53,,,53545,,,,,,,,,,,,,,,,,,,,,,,,,,,,,,,,,,,,16000US5353545,"Pasco city, Washington",,,
ACSSF,WA,160,00,0000042,,,,,53,,,57745,,,,,,,,,,,,,,,,,,,,,,,,,,,,,,,,,,,,16000US5357745,"Renton city, Washington",,,
ACSSF,WA,160,00,0000043,,,,,53,,,63000,,,,,,,,,,,,,,,,,,,,,,,,,,,,,,,,,,,,16000US5363000,"Seattle city, Washington",,,
ACSSF,WA,160,00,0000044,,,,,53,,,67000,,,,,,,,,,,,,,,,,,,,,,,,,,,,,,,,,,,,16000US5367000,"Spokane city, Washington",,,
ACSSF,WA,160,00,0000045,,,,,53,,,67167,,,,,,,,,,,,,,,,,,,,,,,,,,,,,,,,,,,,16000US5367167,"Spokane Valley city, Washington",,,
ACSSF,WA,160,00,0000046,,,,,53,,,70000,,,,,,,,,,,,,,,,,,,,,,,,,,,,,,,,,,,,16000US5370000,"Tacoma city, Washington",,,
ACSSF,WA,160,00,0000047,,,,,53,,,74060,,,,,,,,,,,,,,,,,,,,,,,,,,,,,,,,,,,,16000US5374060,"Vancouver city, Washington",,,
ACSSF,WA,160,00,0000048,,,,,53,,,80010,,,,,,,,,,,,,,,,,,,,,,,,,,,,,,,,,,,,16000US5380010,"Yakima city, Washington",,,
ACSSF,WA,312,00,0000049,,,,,53,,,05280,,,,,,,,,,13380,,,,,,,,,,,,,,,,,,,,,Y,,,,,31200US133805305280,"Bellingham city, WA; Bellingham, WA Metro Area",,,
ACSSF,WA,312,00,0000050,,,,,53,,,35275,,,,,,,,,,28420,,,,,,,,,,,,,,,,,,,,,Y,,,,,31200US284205335275,"Kennewick city, WA; Kennewick-Richland, WA Metro Area",,,
ACSSF,WA,312,00,0000051,,,,,53,,,74060,,,,,,,,,,38900,,,,,,,,,,,,,,,,,,,,,Y,,,,,31200US389005374060,"Vancouver city, WA; Portland-Vancouver-Hillsboro, OR-WA Metro Area",,,
ACSSF,WA,312,00,0000052,,,,,53,,,03180,,,,,,,,,,42660,,,,,,,,,,,,,,,,,,,,,Y,,,,,31200US426605303180,"Auburn city, WA; Seattle-Tacoma-Bellevue, WA Metro Area",,,
ACSSF,WA,312,00,0000053,,,,,53,,,05210,,,,,,,,,,42660,,,,,,,,,,,,,,,,,,,,,Y,,,,,31200US426605305210,"Bellevue city, WA; Seattle-Tacoma-Bellevue, WA Metro Area",,,
ACSSF,WA,312,00,0000054,,,,,53,,,22640,,,,,,,,,,42660,,,,,,,,,,,,,,,,,,,,,Y,,,,,31200US426605322640,"Everett city, WA; Seattle-Tacoma-Bellevue, WA Metro Area",,,
ACSSF,WA,312,00,0000055,,,,,53,,,35415,,,,,,,,,,42660,,,,,,,,,,,,,,,,,,,,,Y,,,,,31200US426605335415,"Kent city, WA; Seattle-Tacoma-Bellevue, WA Metro Area",,,
ACSSF,WA,312,00,0000056,,,,,53,,,57745,,,,,,,,,,42660,,,,,,,,,,,,,,,,,,,,,Y,,,,,31200US426605357745,"Renton city, WA; Seattle-Tacoma-Bellevue, WA Metro Area",,,
ACSSF,WA,312,00,0000057,,,,,53,,,63000,,,,,,,,,,42660,,,,,,,,,,,,,,,,,,,,,Y,,,,,31200US426605363000,"Seattle city, WA; Seattle-Tacoma-Bellevue, WA Metro Area",,,
ACSSF,WA,312,00,0000058,,,,,53,,,70000,,,,,,,,,,42660,,,,,,,,,,,,,,,,,,,,,Y,,,,,31200US426605370000,"Tacoma city, WA; Seattle-Tacoma-Bellevue, WA Metro Area",,,
ACSSF,WA,312,00,0000059,,,,,53,,,67000,,,,,,,,,,44060,,,,,,,,,,,,,,,,,,,,,Y,,,,,31200US440605367000,"Spokane city, WA; Spokane-Spokane Valley, WA Metro Area",,,
ACSSF,WA,312,00,0000060,,,,,53,,,67167,,,,,,,,,,44060,,,,,,,,,,,,,,,,,,,,,Y,,,,,31200US440605367167,"Spokane Valley city, WA; Spokane-Spokane Valley, WA Metro Area",,,
ACSSF,WA,312,00,0000061,,,,,53,,,80010,,,,,,,,,,49420,,,,,,,,,,,,,,,,,,,,,Y,,,,,31200US494205380010,"Yakima city, WA; Yakima, WA Metro Area",,,
ACSSF,WA,500,00,0000062,,,,,53,,,,,,,,,,,,,,,,,,,,,,,01,,,,,,,,,,,,,,,,50000US5301,"Congressional District 1 (114th Congress), Washington",,,
ACSSF,WA,500,00,0000063,,,,,53,,,,,,,,,,,,,,,,,,,,,,,02,,,,,,,,,,,,,,,,50000US5302,"Congressional District 2 (114th Congress), Washington",,,
ACSSF,WA,500,00,0000064,,,,,53,,,,,,,,,,,,,,,,,,,,,,,03,,,,,,,,,,,,,,,,50000US5303,"Congressional District 3 (114th Congress), Washington",,,
ACSSF,WA,500,00,0000065,,,,,53,,,,,,,,,,,,,,,,,,,,,,,04,,,,,,,,,,,,,,,,50000US5304,"Congressional District 4 (114th Congress), Washington",,,
ACSSF,WA,500,00,0000066,,,,,53,,,,,,,,,,,,,,,,,,,,,,,05,,,,,,,,,,,,,,,,50000US5305,"Congressional District 5 (114th Congress), Washington",,,
ACSSF,WA,500,00,0000067,,,,,53,,,,,,,,,,,,,,,,,,,,,,,06,,,,,,,,,,,,,,,,50000US5306,"Congressional District 6 (114th Congress), Washington",,,
ACSSF,WA,500,00,0000068,,,,,53,,,,,,,,,,,,,,,,,,,,,,,07,,,,,,,,,,,,,,,,50000US5307,"Congressional District 7 (114th Congress), Washington",,,
ACSSF,WA,500,00,0000069,,,,,53,,,,,,,,,,,,,,,,,,,,,,,08,,,,,,,,,,,,,,,,50000US5308,"Congressional District 8 (114th Congress), Washington",,,
ACSSF,WA,500,00,0000070,,,,,53,,,,,,,,,,,,,,,,,,,,,,,09,,,,,,,,,,,,,,,,50000US5309,"Congressional District 9 (114th Congress), Washington",,,
ACSSF,WA,500,00,0000071,,,,,53,,,,,,,,,,,,,,,,,,,,,,,10,,,,,,,,,,,,,,,,50000US5310,"Congressional District 10 (114th Congress), Washington",,,
ACSSF,WA,795,00,0000072,,,,,53,,,,,,,,,,,,,,,,,,,,,,,,,,,,,,,,,,,,,10100,,79500US5310100,"Whatcom County--Bellingham City PUMA, Washington",,,
ACSSF,WA,795,00,0000073,,,,,53,,,,,,,,,,,,,,,,,,,,,,,,,,,,,,,,,,,,,10200,,79500US5310200,"Skagit, Island & San Juan Counties PUMA; Washington",,,
ACSSF,WA,795,00,0000074,,,,,53,,,,,,,,,,,,,,,,,,,,,,,,,,,,,,,,,,,,,10300,,79500US5310300,"Chelan & Douglas Counties PUMA, Washington",,,
ACSSF,WA,795,00,0000075,,,,,53,,,,,,,,,,,,,,,,,,,,,,,,,,,,,,,,,,,,,10400,,79500US5310400,"Stevens, Okanogan, Pend Oreille & Ferry Counties PUMA; Washington",,,
ACSSF,WA,795,00,0000076,,,,,53,,,,,,,,,,,,,,,,,,,,,,,,,,,,,,,,,,,,,10501,,79500US5310501,"Spokane County (North Central)--Spokane City (North) PUMA, Washington",,,
ACSSF,WA,795,00,0000077,,,,,53,,,,,,,,,,,,,,,,,,,,,,,,,,,,,,,,,,,,,10502,,79500US5310502,"Spokane County (South Central)--Spokane City (South) PUMA, Washington",,,
ACSSF,WA,795,00,0000078,,,,,53,,,,,,,,,,,,,,,,,,,,,,,,,,,,,,,,,,,,,10503,,79500US5310503,"Spokane County (East Central)--Greater Spokane Valley City PUMA, Washington",,,
ACSSF,WA,795,00,0000079,,,,,53,,,,,,,,,,,,,,,,,,,,,,,,,,,,,,,,,,,,,10504,,79500US5310504,"Spokane County (Outer)--Cheney City PUMA, Washington",,,
ACSSF,WA,795,00,0000080,,,,,53,,,,,,,,,,,,,,,,,,,,,,,,,,,,,,,,,,,,,10600,,79500US5310600,"Whitman, Asotin, Adams, Lincoln, Columbia & Garfield Counties PUMA; Washington",,,
ACSSF,WA,795,00,0000081,,,,,53,,,,,,,,,,,,,,,,,,,,,,,,,,,,,,,,,,,,,10701,,79500US5310701,"Benton & Franklin Counties--Pasco, Richland (North) & West Richland Cities PUMA; Washington",,,
ACSSF,WA,795,00,0000082,,,,,53,,,,,,,,,,,,,,,,,,,,,,,,,,,,,,,,,,,,,10702,,79500US5310702,"Benton County (East Central)--Kennewick & Richland (South) Cities PUMA, Washington",,,
ACSSF,WA,795,00,0000083,,,,,53,,,,,,,,,,,,,,,,,,,,,,,,,,,,,,,,,,,,,10703,,79500US5310703,"Walla Walla, Benton (Outer) & Franklin (Outer) Counties PUMA; Washington",,,
ACSSF,WA,795,00,0000084,,,,,53,,,,,,,,,,,,,,,,,,,,,,,,,,,,,,,,,,,,,10800,,79500US5310800,"Grant & Kittitas Counties PUMA, Washington",,,
ACSSF,WA,795,00,0000085,,,,,53,,,,,,,,,,,,,,,,,,,,,,,,,,,,,,,,,,,,,10901,,79500US5310901,"Yakima County (Central)--Greater Yakima City PUMA, Washington",,,
ACSSF,WA,795,00,0000086,,,,,53,,,,,,,,,,,,,,,,,,,,,,,,,,,,,,,,,,,,,10902,,79500US5310902,"Yakima County (Outer)--Sunnyside & Grandview Cities PUMA, Washington",,,
ACSSF,WA,795,00,0000087,,,,,53,,,,,,,,,,,,,,,,,,,,,,,,,,,,,,,,,,,,,11000,,79500US5311000,"Lewis, Klickitat & Skamania Counties PUMA; Washington",,,
ACSSF,WA,795,00,0000088,,,,,53,,,,,,,,,,,,,,,,,,,,,,,,,,,,,,,,,,,,,11101,,79500US5311101,"Clark County (Southwest)--Vancouver City (West & Central) PUMA, Washington",,,
ACSSF,WA,795,00,0000089,,,,,53,,,,,,,,,,,,,,,,,,,,,,,,,,,,,,,,,,,,,11102,,79500US5311102,"Clark County (West Central)--Salmon Creek & Hazel Dell PUMA, Washington",,,
ACSSF,WA,795,00,0000090,,,,,53,,,,,,,,,,,,,,,,,,,,,,,,,,,,,,,,,,,,,11103,,79500US5311103,"Clark County (Southeast)--Vancouver (East), Camas & Washougal Cities PUMA; Washington",,,
ACSSF,WA,795,00,0000091,,,,,53,,,,,,,,,,,,,,,,,,,,,,,,,,,,,,,,,,,,,11104,,79500US5311104,"Clark County (North)--Battle Ground City & Orchards PUMA, Washington",,,
ACSSF,WA,795,00,0000092,,,,,53,,,,,,,,,,,,,,,,,,,,,,,,,,,,,,,,,,,,,11200,,79500US5311200,"Cowlitz, Pacific & Wahkiakum Counties PUMA; Washington",,,
ACSSF,WA,795,00,0000093,,,,,53,,,,,,,,,,,,,,,,,,,,,,,,,,,,,,,,,,,,,11300,,79500US5311300,"Grays Harbor & Mason Counties PUMA, Washington",,,
ACSSF,WA,795,00,0000094,,,,,53,,,,,,,,,,,,,,,,,,,,,,,,,,,,,,,,,,,,,11401,,79500US5311401,"Thurston County (Central)--Olympia, Lacey & Tumwater Cities PUMA; Washington",,,
ACSSF,WA,795,00,0000095,,,,,53,,,,,,,,,,,,,,,,,,,,,,,,,,,,,,,,,,,,,11402,,79500US5311402,"Thurston County (Outer) PUMA, Washington",,,
ACSSF,WA,795,00,0000096,,,,,53,,,,,,,,,,,,,,,,,,,,,,,,,,,,,,,,,,,,,11501,,79500US5311501,"Pierce County (Central)--Tacoma City (Central) PUMA, Washington",,,
ACSSF,WA,795,00,0000097,,,,,53,,,,,,,,,,,,,,,,,,,,,,,,,,,,,,,,,,,,,11502,,79500US5311502,"Pierce County (Northwest)--Peninsula Region & Tacoma City (West) PUMA, Washington",,,
ACSSF,WA,795,00,0000098,,,,,53,,,,,,,,,,,,,,,,,,,,,,,,,,,,,,,,,,,,,11503,,79500US5311503,"Pierce County (West Central)--Lakewood City & Joint Base Lewis-McChord PUMA, Washington",,,
ACSSF,WA,795,00,0000099,,,,,53,,,,,,,,,,,,,,,,,,,,,,,,,,,,,,,,,,,,,11504,,79500US5311504,"Pierce County (South Central)--Tacoma City (South), Parkland & Spanaway PUMA; Washington",,,
ACSSF,WA,795,00,0000100,,,,,53,,,,,,,,,,,,,,,,,,,,,,,,,,,,,,,,,,,,,11505,,79500US5311505,"Pierce County (North Central)--Tacoma (Port) & Bonney Lake (Northwest) Cities PUMA, Washington",,,
ACSSF,WA,795,00,0000101,,,,,53,,,,,,,,,,,,,,,,,,,,,,,,,,,,,,,,,,,,,11506,,79500US5311506,"Pierce County (East Central)--Puyallup City & South Hill PUMA, Washington",,,
ACSSF,WA,795,00,0000102,,,,,53,,,,,,,,,,,,,,,,,,,,,,,,,,,,,,,,,,,,,11507,,79500US5311507,"Pierce County (Southeast)--Graham, Elk Plain & Prairie Ridge PUMA; Washington",,,
ACSSF,WA,795,00,0000103,,,,,53,,,,,,,,,,,,,,,,,,,,,,,,,,,,,,,,,,,,,11601,,79500US5311601,"Seattle City (Northwest) PUMA, Washington",,,
ACSSF,WA,795,00,0000104,,,,,53,,,,,,,,,,,,,,,,,,,,,,,,,,,,,,,,,,,,,11602,,79500US5311602,"Seattle City (Northeast) PUMA, Washington",,,
ACSSF,WA,795,00,0000105,,,,,53,,,,,,,,,,,,,,,,,,,,,,,,,,,,,,,,,,,,,11603,,79500US5311603,"Seattle City (Downtown)--Queen Anne & Magnolia PUMA, Washington",,,
ACSSF,WA,795,00,0000106,,,,,53,,,,,,,,,,,,,,,,,,,,,,,,,,,,,,,,,,,,,11604,,79500US5311604,"Seattle City (Southeast)--Capitol Hill PUMA, Washington",,,
ACSSF,WA,795,00,0000107,,,,,53,,,,,,,,,,,,,,,,,,,,,,,,,,,,,,,,,,,,,11605,,79500US5311605,"Seattle City (West)--Duwamish & Beacon Hill PUMA, Washington",,,
ACSSF,WA,795,00,0000108,,,,,53,,,,,,,,,,,,,,,,,,,,,,,,,,,,,,,,,,,,,11606,,79500US5311606,"King County (Northwest)--Shoreline, Kenmore & Bothell (South) Cities PUMA; Washington",,,
ACSSF,WA,795,00,0000109,,,,,53,,,,,,,,,,,,,,,,,,,,,,,,,,,,,,,,,,,,,11607,,79500US5311607,"King County (Northwest)--Redmond, Kirkland Cities, Inglewood & Finn Hill PUMA; Washington",,,
ACSSF,WA,795,00,0000110,,,,,53,,,,,,,,,,,,,,,,,,,,,,,,,,,,,,,,,,,,,11608,,79500US5311608,"King County (Northwest Central)--Greater Bellevue City PUMA, Washington",,,
ACSSF,WA,795,00,0000111,,,,,53,,,,,,,,,,,,,,,,,,,,,,,,,,,,,,,,,,,,,11609,,79500US5311609,"King County (Central)--Sammamish, Issaquah, Mercer Island & Newcastle Cities PUMA; Washington",,,
ACSSF,WA,795,00,0000112,,,,,53,,,,,,,,,,,,,,,,,,,,,,,,,,,,,,,,,,,,,11610,,79500US5311610,"King County (Central)--Renton City, Fairwood, Bryn Mawr & Skyway PUMA; Washington",,,
ACSSF,WA,795,00,0000113,,,,,53,,,,,,,,,,,,,,,,,,,,,,,,,,,,,,,,,,,,,11611,,79500US5311611,"King County (West Central)--Burien, SeaTac, Tukwila Cities & White Center PUMA; Washington",,,
ACSSF,WA,795,00,0000114,,,,,53,,,,,,,,,,,,,,,,,,,,,,,,,,,,,,,,,,,,,11612,,79500US5311612,"King County (Far Southwest)--Federal Way, Des Moines Cities & Vashon Island PUMA; Washington",,,
ACSSF,WA,795,00,0000115,,,,,53,,,,,,,,,,,,,,,,,,,,,,,,,,,,,,,,,,,,,11613,,79500US5311613,"King County (Southwest Central)--Kent City PUMA, Washington",,,
ACSSF,WA,795,00,0000116,,,,,53,,,,,,,,,,,,,,,,,,,,,,,,,,,,,,,,,,,,,11614,,79500US5311614,"King County (Southwest)--Auburn City & Lakeland PUMA, Washington",,,
ACSSF,WA,795,00,0000117,,,,,53,,,,,,,,,,,,,,,,,,,,,,,,,,,,,,,,,,,,,11615,,79500US5311615,"King County (Southeast)--Maple Valley, Covington & Enumclaw Cities PUMA; Washington",,,
ACSSF,WA,795,00,0000118,,,,,53,,,,,,,,,,,,,,,,,,,,,,,,,,,,,,,,,,,,,11616,,79500US5311616,"King County (Northeast)--Snoqualmie City, Cottage Lake, Union Hill & Novelty Hill PUMA; Washington",,,
ACSSF,WA,795,00,0000119,,,,,53,,,,,,,,,,,,,,,,,,,,,,,,,,,,,,,,,,,,,11701,,79500US5311701,"Snohomish County (Southwest)--Edmonds, Lynnwood & Mountlake Terrace Cities PUMA; Washington",,,
ACSSF,WA,795,00,0000120,,,,,53,,,,,,,,,,,,,,,,,,,,,,,,,,,,,,,,,,,,,11702,,79500US5311702,"Snohomish County (West Central)--Mukilteo & Everett (Southwest) Cities PUMA, Washington",,,
ACSSF,WA,795,00,0000121,,,,,53,,,,,,,,,,,,,,,,,,,,,,,,,,,,,,,,,,,,,11703,,79500US5311703,"Snohomish County (Central)--Everett City (Central & East) & Eastmont PUMA, Washington",,,
ACSSF,WA,795,00,0000122,,,,,53,,,,,,,,,,,,,,,,,,,,,,,,,,,,,,,,,,,,,11704,,79500US5311704,"Snohomish County (South Central)--Bothell (North), Mill Creek Cities & Silver Firs PUMA; Washington",,,
ACSSF,WA,795,00,0000123,,,,,53,,,,,,,,,,,,,,,,,,,,,,,,,,,,,,,,,,,,,11705,,79500US5311705,"Snohomish County (Central & Southeast)--Lake Stevens & Monroe Cities PUMA, Washington",,,
ACSSF,WA,795,00,0000124,,,,,53,,,,,,,,,,,,,,,,,,,,,,,,,,,,,,,,,,,,,11706,,79500US5311706,"Snohomish County (North)--Marysville & Arlington Cities PUMA, Washington",,,
ACSSF,WA,795,00,0000125,,,,,53,,,,,,,,,,,,,,,,,,,,,,,,,,,,,,,,,,,,,11801,,79500US5311801,"Kitsap County (North)--Bainbridge Island City & Silverdale PUMA, Washington",,,
ACSSF,WA,795,00,0000126,,,,,53,,,,,,,,,,,,,,,,,,,,,,,,,,,,,,,,,,,,,11802,,79500US5311802,"Kitsap County (South)--Bremerton & Port Orchard Cities PUMA, Washington",,,
ACSSF,WA,795,00,0000127,,,,,53,,,,,,,,,,,,,,,,,,,,,,,,,,,,,,,,,,,,,11900,,79500US5311900,"Clallam & Jefferson Counties PUMA, Washington",,,
ACSSF,WA,970,00,0000128,,,,,53,,,,,,,,,,,,,,,,,,,,,,,,,,,,,,,,00300,,,,,,,97000US5300300,"Auburn School District, Washington",,,
ACSSF,WA,970,00,0000129,,,,,53,,,,,,,,,,,,,,,,,,,,,,,,,,,,,,,,00380,,,,,,,97000US5300380,"Battle Ground School District, Washington",,,
ACSSF,WA,970,00,0000130,,,,,53,,,,,,,,,,,,,,,,,,,,,,,,,,,,,,,,00390,,,,,,,97000US5300390,"Bellevue School District, Washington",,,
ACSSF,WA,970,00,0000131,,,,,53,,,,,,,,,,,,,,,,,,,,,,,,,,,,,,,,00420,,,,,,,97000US5300420,"Bellingham School District, Washington",,,
ACSSF,WA,970,00,0000132,,,,,53,,,,,,,,,,,,,,,,,,,,,,,,,,,,,,,,00480,,,,,,,97000US5300480,"Bethel School District, Washington",,,
ACSSF,WA,970,00,0000133,,,,,53,,,,,,,,,,,,,,,,,,,,,,,,,,,,,,,,01080,,,,,,,97000US5301080,"Central Kitsap School District, Washington",,,
ACSSF,WA,970,00,0000134,,,,,53,,,,,,,,,,,,,,,,,,,,,,,,,,,,,,,,01110,,,,,,,97000US5301110,"Central Valley School District, Washington",,,
ACSSF,WA,970,00,0000135,,,,,53,,,,,,,,,,,,,,,,,,,,,,,,,,,,,,,,01410,,,,,,,97000US5301410,"Clover Park School District, Washington",,,
ACSSF,WA,970,00,0000136,,,,,53,,,,,,,,,,,,,,,,,,,,,,,,,,,,,,,,02400,,,,,,,97000US5302400,"Edmonds School District, Washington",,,
ACSSF,WA,970,00,0000137,,,,,53,,,,,,,,,,,,,,,,,,,,,,,,,,,,,,,,02670,,,,,,,97000US5302670,"Everett School District, Washington",,,
ACSSF,WA,970,00,0000138,,,,,53,,,,,,,,,,,,,,,,,,,,,,,,,,,,,,,,02700,,,,,,,97000US5302700,"Evergreen School District (Clark), Washington",,,
ACSSF,WA,970,00,0000139,,,,,53,,,,,,,,,,,,,,,,,,,,,,,,,,,,,,,,02820,,,,,,,97000US5302820,"Federal Way School District, Washington",,,
ACSSF,WA,970,00,0000140,,,,,53,,,,,,,,,,,,,,,,,,,,,,,,,,,,,,,,03540,,,,,,,97000US5303540,"Highline School District, Washington",,,
ACSSF,WA,970,00,0000141,,,,,53,,,,,,,,,,,,,,,,,,,,,,,,,,,,,,,,03750,,,,,,,97000US5303750,"Issaquah School District, Washington",,,
ACSSF,WA,970,00,0000142,,,,,53,,,,,,,,,,,,,,,,,,,,,,,,,,,,,,,,03930,,,,,,,97000US5303930,"Kennewick School District, Washington",,,
ACSSF,WA,970,00,0000143,,,,,53,,,,,,,,,,,,,,,,,,,,,,,,,,,,,,,,03960,,,,,,,97000US5303960,"Kent School District, Washington",,,
ACSSF,WA,970,00,0000144,,,,,53,,,,,,,,,,,,,,,,,,,,,,,,,,,,,,,,04230,,,,,,,97000US5304230,"Lake Washington School District, Washington",,,
ACSSF,WA,970,00,0000145,,,,,53,,,,,,,,,,,,,,,,,,,,,,,,,,,,,,,,04860,,,,,,,97000US5304860,"Marysville School District, Washington",,,
ACSSF,WA,970,00,0000146,,,,,53,,,,,,,,,,,,,,,,,,,,,,,,,,,,,,,,05430,,,,,,,97000US5305430,"Mukilteo School District, Washington",,,
ACSSF,WA,970,00,0000147,,,,,53,,,,,,,,,,,,,,,,,,,,,,,,,,,,,,,,05850,,,,,,,97000US5305850,"North Thurston Public Schools, Washington",,,
ACSSF,WA,970,00,0000148,,,,,53,,,,,,,,,,,,,,,,,,,,,,,,,,,,,,,,05910,,,,,,,97000US5305910,"Northshore School District, Washington",,,
ACSSF,WA,970,00,0000149,,,,,53,,,,,,,,,,,,,,,,,,,,,,,,,,,,,,,,06570,,,,,,,97000US5306570,"Pasco School District, Washington",,,
ACSSF,WA,970,00,0000150,,,,,53,,,,,,,,,,,,,,,,,,,,,,,,,,,,,,,,06690,,,,,,,97000US5306690,"Peninsula School District, Washington",,,
ACSSF,WA,970,00,0000151,,,,,53,,,,,,,,,,,,,,,,,,,,,,,,,,,,,,,,06960,,,,,,,97000US5306960,"Puyallup School District, Washington",,,
ACSSF,WA,970,00,0000152,,,,,53,,,,,,,,,,,,,,,,,,,,,,,,,,,,,,,,07230,,,,,,,97000US5307230,"Renton School District, Washington",,,
ACSSF,WA,970,00,0000153,,,,,53,,,,,,,,,,,,,,,,,,,,,,,,,,,,,,,,07320,,,,,,,97000US5307320,"Richland School District, Washington",,,
ACSSF,WA,970,00,0000154,,,,,53,,,,,,,,,,,,,,,,,,,,,,,,,,,,,,,,07710,,,,,,,97000US5307710,"Seattle School District, Washington",,,
ACSSF,WA,970,00,0000155,,,,,53,,,,,,,,,,,,,,,,,,,,,,,,,,,,,,,,07920,,,,,,,97000US5307920,"Shoreline School District, Washington",,,
ACSSF,WA,970,00,0000156,,,,,53,,,,,,,,,,,,,,,,,,,,,,,,,,,,,,,,08250,,,,,,,97000US5308250,"Spokane Public Schools, Washington",,,
ACSSF,WA,970,00,0000157,,,,,53,,,,,,,,,,,,,,,,,,,,,,,,,,,,,,,,08700,,,,,,,97000US5308700,"Tacoma Public Schools, Washington",,,
ACSSF,WA,970,00,0000158,,,,,53,,,,,,,,,,,,,,,,,,,,,,,,,,,,,,,,09270,,,,,,,97000US5309270,"Vancouver Public Schools, Washington",,,
ACSSF,WA,970,00,0000159,,,,,53,,,,,,,,,,,,,,,,,,,,,,,,,,,,,,,,10110,,,,,,,97000US5310110,"Yakima School District, Washington",,,
